,support,confidence
F4--2,0.433076641,1
F4--H1--I1--2,0.338100477,1
F2--I1--0,0.337000367,1
F2--0,0.35496883,0.986748216
